,translation
0,"{'en': 'list all boardgames by gmt.', 'sparql': 'select ?uri where [ ?uri dbo:publisher dbr:GMT_Games ]'}"
1,"{'en': 'who developed skype?', 'sparql': 'select distinct ?uri where [ dbr:Skype dbo:developer ?uri. ]'}"
2,"{'en': 'which people were born in heraklion?', 'sparql': 'select distinct ?uri where [ ?uri rdf:type dbo:Person ; dbo:birthPlace dbr:Heraklion. ]'}"
3,"{'en': 'in which u.s. state is area 51 located?', 'sparql': 'select distinct ?uri where [ dbr:Area_51 dbo:location ?uri . ?uri dbo:country dbr:United_States. ]'}"
4,"{'en': 'who is the mayor of new york city?', 'sparql': 'select distinct ?uri where [ dbr:New_York_City dbo:leaderName ?uri ]'}"
5,"{'en': 'which countries have places with more than two caves?', 'sparql': 'select distinct ?uri where [ ?cave rdf:type dbo:Cave ; dbo:location ?uri . ?uri rdf:type dbo:Country ] GROUP BY ?uri HAVING ( COUNT(?cave) > 2 )'}"
6,"{'en': 'where did abraham lincoln die?', 'sparql': 'select distinct ?uri where [ dbr:Abraham_Lincoln dbo:deathPlace ?uri. ]'}"
7,"{'en': 'which airports does air china serve?', 'sparql': 'select distinct ?uri where [ dbr:Air_China dbo:targetAirport ?uri ]'}"
8,"{'en': 'give me all actors starring in movies directed by and starring william shatner.', 'sparql': 'select distinct ?uri where [ ?x dbo:director dbr:William_Shatner ; dbo:starring dbr:William_Shatner [ ?x dbo:starring ?uri ] UNION [ ?x dbp:starring ?uri ] ]'}"
9,"{'en': 'what are the official languages of the philippines?', 'sparql': 'select distinct ?uri where [ dbr:Philippines dbo:officialLanguage ?uri ]'}"
10,"{'en': 'give me all danish films.', 'sparql': 'select distinct ?uri where [ ?uri rdf:type dbo:Film ; dbo:country dbr:Denmark ]'}"
11,"{'en': 'which movies starring brad pitt were directed by guy ritchie?', 'sparql': 'select distinct ?uri where [ ?uri rdf:type dbo:Film ; dbo:starring dbr:Brad_Pitt ; dbo:director dbr:Guy_Ritchie ]'}"
12,"{'en': 'give me the grandchildren of bruce lee.', 'sparql': 'select distinct ?uri where [ dbr:Bruce_Lee dbo:child ?child . ?child dbp:children ?uri ]'}"
13,"{'en': 'which other weapons did the designer of the uzi develop?', 'sparql': 'select distinct ?uri where [ ?uri rdf:type dbo:Weapon ; dbp:designer ?x . dbr:Uzi dbp:designer ?x filter ( ?uri != dbr:Uzi ) ]'}"
14,"{'en': 'who is the owner of universal studios?', 'sparql': 'select distinct ?uri where [ dbr:Universal_Studios dbo:owner ?uri ]'}"
15,"{'en': 'which state of the usa has the highest population density?', 'sparql': 'select distinct ?uri where [ ?uri rdf:type yago:WikicatStatesOfTheUnitedStates ; dbp:densityrank ?rank ] order BY ASC(?rank) limit 1'}"
16,"{'en': 'which monarchs were married to a german?', 'sparql': 'select distinct ?uri where [ ?uri rdf:type dbo:Monarch ; dbo:spouse ?spouse [ ?spouse dbo:birthPlace dbr:Germany ] UNION [ ?spouse dbo:birthPlace ?p . ?p dbo:country dbr:Germany ] ]'}"
17,"{'en': 'which organizations were founded in 1950?', 'sparql': 'select distinct ?uri where [ ?uri rdf:type dbo:Organisation [ ?uri dbo:formationYear ?date ] UNION [ ?uri dbo:foundingYear ?date ] UNION [ ?uri dbp:foundation ?date ] UNION [ ?uri dbp:formation ?date ] filter regex(?date, ""^1950"") ]'}"
18,"{'en': 'who created the comic captain america?', 'sparql': 'select distinct ?uri where [ dbr:Captain_America dbo:creator ?uri ]'}"
19,"{'en': 'give me the apollo 14 astronauts.', 'sparql': 'select distinct ?uri where [ ?uri dbo:mission dbr:Apollo_14 ]'}"
20,"{'en': 'who wrote the book the pillars of the earth?', 'sparql': 'select distinct ?uri where [ dbr:The_Pillars_of_the_Earth dbo:author ?uri ]'}"
21,"{'en': 'which state of the united states of america has the highest density?', 'sparql': 'select ?uri where [ ?uri dbp:densityrank ?density ] order BY ASC(?density) limit 1'}"
22,"{'en': 'which spaceflights were launched from baikonur?', 'sparql': 'select distinct ?uri where [ ?uri dbp:launchPad dbr:Baikonur_Cosmodrome ]'}"
23,"{'en': 'give me a list of all trumpet players that were bandleaders.', 'sparql': 'select distinct ?uri where [ ?uri dbo:occupation dbr:Bandleader ; dbo:instrument dbr:Trumpet ]'}"
24,"{'en': 'which u.s. states are in the same timezone as utah?', 'sparql': 'select distinct ?uri where [ dbr:Utah dbp:timezone ?x . ?uri rdf:type yago:WikicatStatesOfTheUnitedStates ; dbp:timezone ?x filter ( ?uri != dbr:Utah ) ]'}"
25,"{'en': 'which u.s. states possess gold minerals?', 'sparql': 'select distinct ?uri where [ ?uri rdf:type yago:WikicatStatesOfTheUnitedStates ; dbp:mineral ?mineral filter regex(?mineral, ""gold"", ""i"") ]'}"
26,"{'en': 'who is the daughter of ingrid bergman married to?', 'sparql': 'select distinct ?uri where [ dbr:Ingrid_Bergman dbo:child ?child . ?child dbp:spouse ?uri ]'}"
27,"{'en': 'how deep is lake placid?', 'sparql': 'select distinct ?n where [ dbr:Lake_Placid_(Texas) dbo:maximumDepth ?n ]'}"
28,"{'en': 'show me all museums in london.', 'sparql': 'select distinct ?uri where [ ?uri a dbo:Museum ; dbo:location> <res:London> ]'}"
29,"{'en': 'which caves have more than 3 entrances?', 'sparql': 'select distinct ?uri where [ ?uri a dbo:Cave ; <dbpedia2:entranceCount> ?entrance filter ( ?entrance > 3 ) ]'}"
30,"{'en': 'who is the tallest player of the atlanta falcons?', 'sparql': 'select distinct ?uri where [ ?uri dbo:team <res:Atlanta_Falcons> ; dbo:height> ?h ] order BY DESC(?h) OFFSET 0 limit 1'}"
31,"{'en': 'what are the top-10 action role-playing video games according to ign?', 'sparql': 'select distinct ?uri where [ ?uri <dct:subject> <res:Category:Action_role-playing_video_games> ; dbp:ign ?score ] order BY DESC(?score) limit 10'}"
32,"{'en': 'give me all writers that won the nobel prize in literature.', 'sparql': 'select distinct ?uri where [ ?uri a dbo:Writer ; dbo:award> <res:Nobel_Prize_in_Literature> ]'}"
33,"{'en': 'show me all basketball players that are higher than 2 meters.', 'sparql': 'select distinct ?uri where [ ?uri a dbo:BasketballPlayer ; dbo:height> ?n filter ( ?n > 2.0 ) ]'}"
34,"{'en': 'when was the statue of liberty built?', 'sparql': 'select distinct ?date where [ <res:Statue_of_Liberty> dbp:beginningDate ?date ]'}"
35,"{'en': 'which states border illinois?', 'sparql': 'select distinct ?uri where [ <res:Illinois> dbp:borderingstates ?uri ]'}"
36,"{'en': 'who developed minecraft?', 'sparql': 'select distinct ?uri where [ <res:Minecraft> dbo:developer ?uri ]'}"
37,"{'en': 'where did hillel slovak die?', 'sparql': 'select distinct ?uri where [ <res:Hillel_Slovak> dbo:deathPlace ?uri ]'}"
38,"{'en': 'what movies does jesse eisenberg play in?', 'sparql': 'select distinct ?uri where [ ?uri a dbo:Film ; dbo:starring> <res:Jesse_Eisenberg> ]'}"
39,"{'en': 'give all swimmers that were born in moscow.', 'sparql': 'select distinct ?uri where [ ?uri a dbo:Swimmer ; dbo:birthPlace> <res:Moscow> ]'}"
40,"{'en': 'give me all cosmonauts.', 'sparql': 'select distinct ?uri where [ ?uri a dbo:Astronaut [ ?uri dbo:nationality> <res:Russia> ] UNION [ ?uri dbo:nationality> <res:Soviet_Union> ] ]'}"
41,"{'en': 'give me all swiss non-profit organizations.', 'sparql': 'select distinct ?uri where [ ?uri dbo:type <res:Nonprofit_organization> [ ?uri dbo:location> <res:Switzerland> ] UNION [ ?uri dbo:location> ?x . ?x dbo:country> <res:Switzerland> ] ]'}"
42,"{'en': 'which presidents were born in 1945?', 'sparql': 'select distinct ?uri where [ ?uri a dbo:President ; dbo:birthDate> ?date filter regex(?date, ""^1945"") ]'}"
43,"{'en': 'what kind of music did lou reed play?', 'sparql': 'select distinct ?uri where [ <res:Lou_Reed> dbo:genre ?uri ]'}"
44,"{'en': 'where do the red sox play?', 'sparql': 'select distinct ?uri where [ <res:Boston_Red_Sox> dbp:ballpark ?uri ]'}"
45,"{'en': 'show a list of soccer clubs that play in the bundesliga.', 'sparql': 'select distinct ?uri where [ ?uri a dbo:SoccerClub ; dbo:league> <res:Bundesliga> ]'}"
46,"{'en': 'which volcanos in japan erupted since 2000?', 'sparql': 'select distinct ?uri where [ ?uri a dbo:Volcano ; dbo:locatedInArea> <res:Japan> ; dbo:eruptionYear> ?date filter ( year(?date) >= 2000 ) ]'}"
47,"{'en': 'which bridges cross the seine?', 'sparql': 'select distinct ?uri where [ ?uri a dbo:Bridge ; dbo:crosses> <res:Seine> ]'}"
48,"{'en': 'what is the official color of the university of oxford?', 'sparql': 'select distinct ?string where [ <res:University_of_Oxford> dbo:officialSchoolColour ?string ]'}"
49,"{'en': 'how many films did hal roach produce?', 'sparql': 'select (COUNT(distinct ?uri) AS ?c) where [ ?uri dbo:producer <res:Hal_Roach> ]'}"
50,"{'en': 'give me all danish movies.', 'sparql': 'select distinct ?uri where [ ?uri a dbo:Film ; dbo:country> <res:Denmark> ]'}"
51,"{'en': 'what is the most frequent cause of death?', 'sparql': 'select distinct ?x where [ ?uri dbo:deathCause ?x . ] order BY DESC(COUNT(distinct ?uri)) OFFSET 0 limit 1'}"
52,"{'en': 'who are the four youngest mvp basketball players?', 'sparql': 'select distinct ?uri where [ ?uri a dbo:BasketballPlayer ; dbo:birthDate> ?date ; <dbpedia2:highlights> ?h filter regex(?h, ""MVP"") ] order BY DESC(?date) OFFSET 0 limit 4'}"
53,"{'en': 'give me all companies in munich.', 'sparql': 'select distinct ?uri where [ ?uri a dbo:Company [ ?uri dbo:location> <res:Munich> ] UNION [ ?uri dbo:headquarter> <res:Munich> ] UNION [ ?uri dbo:locationCity> <res:Munich> ] ]'}"
54,"{'en': 'give me the capitals of all countries that the himalayas run through.', 'sparql': 'select distinct ?uri where [ <res:Himalayas> dbo:country ?country . ?country dbo:capital> ?uri ]'}"
55,"{'en': 'how many movies did park chan-wook direct?', 'sparql': 'select COUNT(distinct ?uri AS ?uri) where [ ?uri dbo:director <res:Park_Chan-wook> . ]'}"
56,"{'en': 'which rivers flow into a german lake?', 'sparql': 'select distinct ?uri where [ ?uri a dbo:River . ?x dbo:inflow> ?uri ; a dbo:Lake> ; dbo:country> <res:Germany> ]'}"
57,"{'en': 'how many airlines are there?', 'sparql': 'select (COUNT(distinct ?uri) AS ?c) where [ ?uri a dbo:Airline ]'}"
58,"{'en': 'give me all islands that belong to japan.', 'sparql': 'select distinct ?uri where [ ?uri a dbo:Island ; dbo:country> <res:Japan> ]'}"
59,"{'en': 'how many inhabitants does maribor have?', 'sparql': 'select distinct ?num where [ <res:Maribor> dbo:populationTotal ?num ]'}"
60,"{'en': 'give me all apollo 14 astronauts.', 'sparql': 'select distinct ?uri where [ ?uri dbo:mission <res:Apollo_14> ]'}"
61,"{'en': 'which companies have more than 1 million employees?', 'sparql': 'select distinct ?uri where [ ?uri a dbo:Company [ ?uri dbo:numberOfEmployees> ?n ] UNION [ ?uri <dbpedia2:numEmployees> ?n ] filter ( ?n > 1000000 ) ]'}"
62,"{'en': 'in which films directed by garry marshall was julia roberts starring?', 'sparql': 'select distinct ?uri where [ ?uri a dbo:Film ; dbo:starring> <res:Julia_Roberts> ; dbo:director> <res:Garry_Marshall> ]'}"
63,"{'en': 'give me all soccer clubs in the premier league.', 'sparql': 'select distinct ?uri where [ ?uri a dbo:SoccerClub ; dbo:league> <res:Premier_League> ]'}"
64,"{'en': 'what is the highest place of the urals?', 'sparql': 'select distinct ?uri where [ <res:Ural_Mountains> dbp:highest ?uri ]'}"
65,"{'en': 'who is the governor of wyoming?', 'sparql': 'select distinct ?uri where [ <res:Wyoming> dbp:governor ?uri ]'}"
66,"{'en': 'where did the architect of the eiffel tower study?', 'sparql': 'select distinct ?uri where [ <res:Eiffel_Tower> dbo:architect ?x . ?x <dbpedia2:almaMater> ?uri ]'}"
67,"{'en': 'give me all world heritage sites designated within the past two years.', 'sparql': ""select distinct ?uri where [ ?uri rdf:type <onto:WorldHeritageSite> . [ ?uri <dbpedia2:year> '2013'^^xsd:integer . ] UNION [ ?uri <dbpedia2:year> '2014'^^xsd:integer . ] ]""}"
68,"{'en': 'give me all actors who were born in paris after 1950.', 'sparql': ""select distinct ?uri where [ ?uri rdf:type <onto:Actor> . ?uri <onto:birthPlace> <res:Paris> . ?uri <onto:birthDate> ?date . filter ( ?date >= xsd:dateTime('1950-12-31T00:00:00Z')) ]""}"
69,"{'en': 'which movies star both liz taylor and richard burton?', 'sparql': 'select distinct ?uri where [ ?uri dbo:starring <res:Elizabeth_Taylor> ; dbo:starring> <res:Richard_Burton> ]'}"
70,"{'en': 'give me all australian nonprofit organizations.', 'sparql': 'select distinct ?uri where [ ?uri dbo:type <res:Nonprofit_organization> [ ?uri dbo:locationCountry> <res:Australia> ] UNION [ ?uri dbo:location> ?x . ?x dbo:country> <res:Australia> ] ]'}"
71,"{'en': 'which pope succeeded john paul ii?', 'sparql': 'select distinct ?uri where [ <res:Pope_John_Paul_II> dbp:successor ?uri ]'}"
72,"{'en': 'give me all esa astronauts.', 'sparql': 'select distinct ?uri where [ ?uri a dbo:Astronaut ; <dbpedia2:type> <res:European_Space_Agency> ]'}"
73,"{'en': 'who was president of pakistan in 1978?', 'sparql': 'select distinct ?uri where [ ?uri dbp:title <res:President_of_Pakistan> ; dbp:years> 1978 ]'}"
74,"{'en': 'who is the owner of rolls-royce?', 'sparql': 'select distinct ?uri where [ <res:Rolls-Royce_Motors> dbo:owner ?uri ]'}"
75,"{'en': 'how many museums does paris have?', 'sparql': 'select distinct ?uri where [ ?uri a dbo:Museum ; dbo:location> <res:Paris> ]'}"
76,"{'en': 'where was jfk assassinated?', 'sparql': 'select distinct ?uri where [ <res:John_F._Kennedy> dbo:deathPlace ?uri ]'}"
77,"{'en': 'give me all federal chancellors of germany.', 'sparql': 'select distinct ?uri where [ ?uri a dbo:Person [ ?uri dbo:office> ""Chancellor of Germany"" ] UNION [ ?uri <dbpedia2:office> <res:Chancellor_of_Germany> ] ]'}"
78,"{'en': 'show me everyone who was born on halloween.', 'sparql': 'select distinct ?uri where [ ?uri a dbo:Person [ ?uri dbo:birthDate> ?date ] UNION [ ?uri <dbpedia2:birthDate> ?date ] <res:Halloween> <dbpedia2:date> ?date ]'}"
79,"{'en': 'which beer originated in ireland?', 'sparql': 'select distinct ?uri where [ ?uri <dbpedia2:type> <res:Beer> ; dbo:origin <res:Beer_in_Ireland> ]'}"
80,"{'en': 'to which countries does the himalayan mountain system extend?', 'sparql': 'select distinct ?uri where [ <res:Himalayas> dbo:country ?uri ]'}"
81,"{'en': 'which actors were born in germany?', 'sparql': 'select distinct ?uri where [ ?uri a dbo:Actor [ ?uri dbo:birthPlace> <res:Germany> ] UNION [ ?uri dbo:birthPlace> ?place . ?place dbo:country> <res:Germany> ] ]'}"
82,"{'en': 'how much carbs does peanut butter have?', 'sparql': 'select distinct ?carbs where [ <res:Peanut_butter> dbp:carbs ?carbs ]'}"
83,"{'en': 'who produced the most films?', 'sparql': 'select distinct ?uri where [ ?film rdf:type <onto:Film> . ?film <onto:producer> ?uri . ] order BY DESC(COUNT(?film)) OFFSET 0 limit 1'}"
84,"{'en': 'how many employees does google have?', 'sparql': 'select distinct ?num where [ <res:Google> dbo:numberOfEmployees ?num ]'}"
85,"{'en': 'give me all actors who were born in berlin.', 'sparql': 'select distinct ?uri where [ ?uri a dbo:Actor ; dbo:birthPlace> <res:Berlin> ]'}"
86,"{'en': 'who created goofy?', 'sparql': 'select distinct ?uri where [ <res:Goofy> dbo:creator ?uri ]'}"
87,"{'en': 'which music albums contain the song last christmas?', 'sparql': 'select distinct ?uri where [ ?single dbo:album ?uri ; <rdfs:label> ""Last Christmas""@en ]'}"
88,"{'en': 'when was alberta admitted as province?', 'sparql': 'select distinct ?date where [ <res:Alberta> dbp:admittancedate ?date ]'}"
89,"{'en': 'how many missions does the soyuz programme have?', 'sparql': 'select (COUNT(distinct ?uri) AS ?c) where [ ?uri dbp:programme <res:Soyuz_programme> ]'}"
90,"{'en': 'give me all the tv shows with neil patrick harris.', 'sparql': 'select distinct ?uri where [ ?uri a dbo:TelevisionShow ; dbo:starring> <res:Neil_Patrick_Harris> ]'}"
91,"{'en': 'when were the hells angels founded?', 'sparql': 'select distinct ?date where [ <res:Hells_Angels> dbp:founded ?date ]'}"
92,"{'en': 'what is the net income of apple?', 'sparql': 'select distinct ?ni where [ <res:Apple_Inc.> dbo:netIncome ?ni ]'}"
93,"{'en': 'give me all swedish holidays.', 'sparql': 'select distinct ?uri where [ ?uri a dbo:Holiday ; dbo:country> <res:Sweden> ]'}"
94,"{'en': 'in which city was the former dutch queen juliana buried?', 'sparql': 'select distinct ?uri where [ <res:Juliana_of_the_Netherlands> <dbpedia2:burialPlace> ?uri . ?uri a dbo:Settlement ]'}"
95,"{'en': 'list all the musicals with music by leonard bernstein.', 'sparql': 'select distinct ?uri where [ ?uri a dbo:Musical ; dbo:musicBy> <res:Leonard_Bernstein> ]'}"
96,"{'en': 'give me all companies in the advertising industry.', 'sparql': 'select (COUNT(distinct ?uri) AS ?c) where [ ?uri a dbo:Company [ ?uri dbo:industry> <res:Advertising> ] UNION [ ?uri dbo:industry> ?industry filter regex(?industry, ""advertising"", ""i"") ] ]'}"
97,"{'en': 'what is the largest metropolitan area in washington state?', 'sparql': 'select distinct ?uri where [ <res:Washington_(state)> dbp:largestmetro ?uri ]'}"
98,"{'en': 'who killed john lennon?', 'sparql': 'select distinct ?uri where [ ?uri a dbo:Person ; <dbpedia2:conviction> <res:Death_of_John_Lennon> ]'}"
99,"{'en': 'which writers studied in istanbul?', 'sparql': 'select distinct ?uri where [ ?uri a dbo:Writer [ ?uri dbo:almaMater> ?x ] UNION [ ?uri dbo:education> ?x ] [ ?x dbo:city> <res:Istanbul> ] UNION [ ?x <dbpedia2:city> <res:Istanbul> ] ]'}"
100,"{'en': 'give me all australian metalcore bands.', 'sparql': 'select distinct ?uri where [ ?uri a dbo:Band ; dbo:genre> <res:Metalcore> [ ?uri dbo:hometown> <res:Australia> ] UNION [ ?uri dbo:hometown> ?h . ?h dbo:country> <res:Australia> ] ]'}"
101,"{'en': 'which countries adopted the euro?', 'sparql': 'select distinct ?uri where [ ?uri a dbo:Country [ ?uri dbo:currency> <res:Euro> ] UNION [ ?uri <dbpedia2:currencyCode> ""EUR""@en ] ]'}"
102,"{'en': 'give me all types of eating disorders.', 'sparql': 'select distinct ?uri where [ ?uri a yago:WikicatEatingDisorders ]'}"
103,"{'en': 'was marc chagall a jew?', 'sparql': 'ask where [ <res:Marc_Chagall> dbp:ethnicity ""Jewish""@en ]'}"
104,"{'en': ""what was brazil's lowest rank in the fifa world ranking?"", 'sparql': 'select distinct ?n where [ <res:Brazil_national_football_team> dbp:fifaMin ?n ]'}"
105,"{'en': 'how many films did leonardo dicaprio star in?', 'sparql': 'select (COUNT(distinct ?uri) AS ?c) where [ ?uri a dbo:Film ; dbo:starring> <res:Leonardo_DiCaprio> ]'}"
106,"{'en': 'was margaret thatcher a chemist?', 'sparql': 'ask where [ <res:Margaret_Thatcher> dbo:profession <res:Chemist> ]'}"
107,"{'en': 'which u.s. states are in the same time zone as utah?', 'sparql': 'select distinct ?uri where [ <res:Utah> dbp:timezone ?x . ?uri a <yago:WikicatStatesOfTheUnitedStates> ; dbp:timezone> ?x filter ( ?uri != <res:Utah> ) ]'}"
108,"{'en': 'give me all books written by danielle steel.', 'sparql': 'select distinct ?uri where [ ?uri a dbo:Book ; dbo:author> <res:Danielle_Steel> ]'}"
109,"{'en': 'which country has the most official languages?', 'sparql': 'select distinct ?uri where [ ?uri rdf:type <onto:Country> . ?uri <dbpedia2:officialLanguages> ?language . ] order BY DESC(COUNT(?language)) OFFSET 0 limit 1'}"
110,"{'en': 'what is the total amount of men and women serving in the fdny?', 'sparql': 'select distinct ?num where [ <res:New_York_City_Fire_Department> dbp:employees ?num ]'}"
111,"{'en': 'which actor played chewbacca?', 'sparql': 'select distinct ?uri where [ <res:Chewbacca> dbo:portrayer ?uri ]'}"
112,"{'en': 'give me all libraries established earlier than 1400.', 'sparql': 'select distinct ?uri where [ ?uri a dbo:Library ; <dbpedia2:established> ?year filter ( ?year < 1400 ) ]'}"
113,"{'en': 'which programming languages were influenced by perl?', 'sparql': 'select distinct ?uri where [ ?uri a dbo:ProgrammingLanguage [ ?uri dbo:influencedBy> <res:Perl> ] UNION [ <res:Perl> dbo:influenced> ?uri ] ]'}"
114,"{'en': 'in which u.s. state is mount mckinley located?', 'sparql': 'select distinct ?uri where [ <res:Mount_McKinley> dbo:wikiPageRedirects ?x . ?x dbo:locatedInArea ?uri. ?uri rdf:type yago:WikicatStatesOfTheUnitedStates ]'}"
115,"{'en': 'what airlines are part of the skyteam alliance?', 'sparql': 'select distinct ?uri where [ ?uri a dbo:Airline [ ?uri dbo:alliance> <res:SkyTeam> ] UNION [ ?uri dbo:Alliance> <res:SkyTeam> ] ]'}"
116,"{'en': 'which ships were called after benjamin franklin?', 'sparql': 'select distinct ?uri where [ ?uri dbp:shipNamesake <res:Benjamin_Franklin> ]'}"
117,"{'en': 'give me all methodist politicians.', 'sparql': 'select distinct ?uri where [ ?uri a dbo:Politician ; dbo:religion> <res:Methodism> ]'}"
118,"{'en': 'what other books have been written by the author of the fault in our stars?', 'sparql': 'select ?books where [ ?books dbo:author dbr:John_Green_(author) ]'}"
119,"{'en': 'what is the highest mountain?', 'sparql': 'select distinct ?uri where [ ?uri a dbo:Mountain ; dbo:elevation> ?elevation ] order BY DESC(?elevation) OFFSET 0 limit 1'}"
120,"{'en': 'which poet wrote the most books?', 'sparql': 'select distinct ?uri where [ ?uri <onto:occupation> <res:Poet> . ?x <onto:author> ?uri . ?x rdf:type <onto:Book> . ] order BY DESC(COUNT(?x)) OFFSET 0 limit 1'}"
121,"{'en': 'which programming languages influenced javascript?', 'sparql': 'select distinct ?uri where [ ?uri a dbo:ProgrammingLanguage ; dbo:influenced> <res:JavaScript> ]'}"
122,"{'en': 'which musician wrote the most books?', 'sparql': 'select distinct ?uri where [ ?uri <onto:occupation> <res:Musician> . ?x <onto:author> ?uri . ?x rdf:type <onto:Book> . ] order BY DESC(COUNT(?x)) OFFSET 0 limit 1'}"
123,"{'en': 'which films starring clint eastwood did he direct himself?', 'sparql': 'select distinct ?uri where [ ?uri dbo:director <res:Clint_Eastwood> ; dbo:starring> <res:Clint_Eastwood> ]'}"
124,"{'en': 'which software has been developed by organizations founded in california?', 'sparql': 'select distinct ?uri where [ ?uri a dbo:Software . ?company a dbo:Company> . ?uri dbo:developer> ?company . ?company dbo:foundationPlace> <res:California> ]'}"
125,"{'en': 'which instruments does cat stevens play?', 'sparql': 'select distinct ?uri where [ <res:Cat_Stevens> dbo:instrument ?uri ]'}"
126,"{'en': 'how many airlines are members of the star alliance?', 'sparql': 'select (COUNT(distinct ?uri) AS ?c) where [ ?uri a dbo:Airline ; dbo:alliance> <res:Star_Alliance> ]'}"
127,"{'en': 'give me all actors called baldwin.', 'sparql': ""select distinct ?uri where [ ?uri foaf:surname 'Baldwin'@en . [ ?uri <onto:occupation> <res:Actor> . ] UNION [ ?uri rdf:type <onto:Actor> . ] ]""}"
128,"{'en': 'who wrote the hunger games?', 'sparql': 'select distinct ?uri where [ <res:The_Hunger_Games> dbp:author ?uri ]'}"
129,"{'en': 'for which label did elvis record his first album?', 'sparql': 'select distinct ?uri where [ ?x rdf:type dbo:Album ; dbo:artist dbr:Elvis_Presley ; dbo:releaseDate ?y ; dbo:recordLabel ?uri ] order BY ASC(?y) OFFSET 0 limit 1'}"
130,"{'en': 'is christian bale starring in batman begins?', 'sparql': 'ask where [ dbr:Batman_Begins dbo:starring dbr:Christian_Bale ]'}"
131,"{'en': 'where is the residence of the prime minister of spain?', 'sparql': 'select distinct ?uri where [ <res:Prime_Minister_of_Spain> dbp:residence ?uri ]'}"
132,"{'en': 'which actor was casted in the most movies?', 'sparql': 'select distinct ?uri where [ ?uri rdf:type <onto:Actor> . ?f rdf:type> <onto:Film> . ?f <onto:starring> ?uri . ] order BY DESC(COUNT(distinct(?f))) OFFSET 0 limit 1'}"
133,"{'en': 'which countries have more than two official languages?', 'sparql': 'select distinct ?uri where [ ?uri a dbo:Country ; dbo:officialLanguage> ?language ] GROUP BY ?uri HAVING ( COUNT(?language) > 2 )'}"
134,"{'en': 'which countries have more than ten caves?', 'sparql': 'select distinct ?uri where [ ?uri a dbo:Country . ?cave a dbo:Cave> [ ?cave dbo:location> ?uri ] UNION [ ?cave dbo:location> ?loc . ?loc dbo:country> ?uri ] ] GROUP BY ?uri HAVING ( COUNT(?cave) > 10 )'}"
135,"{'en': 'show me all songs from bruce springsteen released between 1980 and 1990.', 'sparql': ""select distinct ?uri where [ ?uri rdf:type <onto:Song> . ?uri <onto:artist> <res:Bruce_Springsteen> . ?uri <onto:releaseDate> ?date . filter (?date >= '1980-01-01'^^xsd:date && ?date <= '1990-12-31'^^xsd:date) ]""}"
136,"{'en': 'which television shows were created by john cleese?', 'sparql': 'select distinct ?uri where [ ?uri a dbo:TelevisionShow ; dbo:creator> <res:John_Cleese> ]'}"
137,"{'en': 'when did latvia join the eu?', 'sparql': 'select distinct ?date where [ <res:Latvia> dbp:accessioneudate ?date ]'}"
138,"{'en': 'which soccer players were born on malta?', 'sparql': 'select distinct ?uri where [ ?uri a dbo:SoccerPlayer ; dbo:birthPlace> <res:Malta> ]'}"
139,"{'en': 'how many politicians graduated from columbia university?', 'sparql': 'select (COUNT(distinct ?uri) AS ?c) where [ ?uri dbo:profession <res:Politician> ; dbo:almaMater> <res:Columbia_University> ]'}"
140,"{'en': 'give me the birthdays of all actors of the television show charmed.', 'sparql': 'select distinct ?date where [ <res:Charmed> dbo:starring ?actor . ?actor dbo:birthDate> ?date ]'}"
141,"{'en': 'which telecommunications organizations are located in belgium?', 'sparql': 'select (COUNT(distinct ?uri) AS ?c) where [ ?uri a dbo:Organisation [ ?uri dbo:industry> <res:Telecommunication> ] UNION [ ?uri <dbpedia2:industry> ?industry filter regex(?industry, ""Telecommunications"") ] [ ?uri dbo:location> <res:Belgium> ] UNION [ ?uri <dbpedia2:locationCountry> ""Belgium""@en ] ]'}"
142,"{'en': 'give me a list of all lakes in denmark.', 'sparql': 'select distinct ?uri where [ [ ?uri a dbo:Lake ; dbo:country> <res:Denmark> ] UNION [ ?uri a <yago:LakesOfDenmark> ] ]'}"
143,"{'en': 'how many children does eddie murphy have?', 'sparql': 'select distinct ?n where [ <res:Eddie_Murphy> dbp:children ?n ]'}"
144,"{'en': 'show me all english gothic buildings in kent.', 'sparql': 'select ?uri where [ ?uri a dbo:Building ; dbo:architecturalStyle> <res:English_Gothic_architecture> ; dbo:location> <res:Kent> ]'}"
145,"{'en': 'who is the manager of real madrid?', 'sparql': 'select distinct ?uri where [ <res:Real_Madrid_C.F.> dbo:manager ?uri ]'}"
146,"{'en': 'in which countries can you pay using the west african cfa franc?', 'sparql': 'select distinct ?uri where [ ?uri dbo:currency <res:West_African_CFA_franc> ]'}"
147,"{'en': 'which holidays are celebrated around the world?', 'sparql': 'select distinct ?uri where [ ?uri rdf:type dbo:Holiday ]'}"
148,"{'en': 'what is the longest river?', 'sparql': 'select distinct ?uri where [ ?uri a dbo:River [ ?uri dbo:length> ?l ] UNION [ ?uri <dbpedia2:length> ?l ] ] order BY DESC(?l) OFFSET 0 limit 1'}"
149,"{'en': 'which organizations were founded in 1930?', 'sparql': 'select distinct ?uri where [ ?uri a dbo:Organisation [ ?uri dbo:formationYear> ?date ] UNION [ ?uri dbo:foundingYear> ?date ] filter regex(?date, ""^1930"") ]'}"
150,"{'en': 'what is the birth name of angela merkel?', 'sparql': 'select distinct ?string where [ <res:Angela_Merkel> dbp:birthName ?string ]'}"
151,"{'en': 'who has tom cruise been married to?', 'sparql': 'select distinct ?uri where [ ?uri dbo:spouse <res:Tom_Cruise> ]'}"
152,"{'en': 'which weapons did heckler & koch develop?', 'sparql': 'select distinct ?uri where [ ?uri a dbo:Weapon ; <dbpedia2:designer> <res:Heckler_&_Koch> ]'}"
153,"{'en': 'what is the smallest city by area in germany?', 'sparql': 'select ?city where [ ?m skos:broader dbc:Cities_in_Germany . ?city dct:subject ?m ; dbo:areaTotal ?area ] order BY ?area limit 1'}"
154,"{'en': 'what is the ruling party in lisbon?', 'sparql': 'select distinct ?uri where [ <res:Lisbon> dbp:leaderParty ?uri ]'}"
155,"{'en': ""how heavy is jupiter's lightest moon?"", 'sparql': 'select distinct ?n where [ ?uri <dbpedia2:satelliteOf> <res:Jupiter> ; dbo:mass ?n ] order BY ASC(?n) OFFSET 0 limit 1'}"
156,"{'en': 'how many employees does ibm have?', 'sparql': 'select distinct ?number where [ <res:IBM> dbo:numberOfEmployees ?number ]'}"
157,"{'en': 'list all episodes of the first season of the hbo television series the sopranos!', 'sparql': 'select distinct ?uri where [ ?uri dbo:series dbr:The_Sopranos ; dbo:seasonNumber 1 ]'}"
158,"{'en': 'what does icro stand for?', 'sparql': 'select distinct ?uri where [ ?uri dbo:abbreviation ""ICRO"" ]'}"
159,"{'en': 'does the new battlestar galactica series have more episodes than the old one?', 'sparql': 'ask where [ dbr:Battlestar_Galactica_%281978_TV_series%29 dbo:numberOfEpisodes ?x . dbr:Battlestar_Galactica_%282004_TV_series%29> dbo:numberOfEpisodes ?y filter ( ?y > ?x ) ]'}"
160,"{'en': 'give me all films produced by hal roach.', 'sparql': 'select distinct ?uri where [ ?uri a dbo:Film ; dbo:producer> <res:Hal_Roach> ]'}"
161,"{'en': 'who played agent smith in matrix?', 'sparql': 'select distinct ?uri where [ dbr:Agent_Smith dbo:portrayer ?uri ]'}"
162,"{'en': 'which greek parties are pro-european?', 'sparql': 'select distinct ?uri where [ ?uri a dbo:PoliticalParty ; dbo:country> <res:Greece> ; dbo:ideology> <res:Pro-Europeanism> ]'}"
163,"{'en': 'give me a list of all bandleaders that play trumpet.', 'sparql': 'select distinct ?uri where [ ?uri dbo:occupation <res:Bandleader> ; dbo:instrument> <res:Trumpet> ]'}"
164,"{'en': 'what is the second highest mountain on earth?', 'sparql': 'select distinct ?uri where [ ?uri a dbo:Mountain ; dbo:elevation> ?elevation ] order BY DESC(?elevation) OFFSET 1 limit 1'}"
165,"{'en': 'is egypts largest city also its capital?', 'sparql': 'ask where [ <res:Egypt> dbo:largestCity ?large ; dbo:capital> ?capital filter ( ?large = ?capital ) ]'}"
166,"{'en': 'which rockets were launched from baikonur?', 'sparql': 'select distinct ?uri where [ ?uri a dbo:Rocket ; dbo:launchSite> <res:Baikonur_Cosmodrome> ]'}"
167,"{'en': 'how many programming languages are there?', 'sparql': 'select (COUNT(distinct ?uri) AS ?c) where [ ?uri a dbo:ProgrammingLanguage ]'}"
168,"{'en': 'which chess players died in the same place they were born in?', 'sparql': 'select distinct ?uri where [ ?uri a dbo:ChessPlayer ; dbo:birthPlace> ?x ; dbo:deathPlace> ?y filter ( ?x = ?y ) ]'}"
169,"{'en': 'who is the owner of facebook?', 'sparql': 'select distinct ?uri where [ <res:Facebook> dbo:foundedBy ?uri ]'}"
170,"{'en': 'give me all movies with tom cruise.', 'sparql': 'select distinct ?uri where [ ?uri a dbo:Film ; dbo:starring> <res:Tom_Cruise> ]'}"
171,"{'en': 'in which u.s. state is fort knox located?', 'sparql': 'select distinct ?uri where [ dbr:Fort_Knox dbo:location ?uri . ?uri dbo:country dbr:United_States ]'}"
172,"{'en': 'give me all cities in new jersey with more than 100000 inhabitants.', 'sparql': 'select distinct ?uri where [ ?uri rdf:type dbo:City ; dbo:isPartOf dbr:New_Jersey ; dbo:populationTotal ?inhabitants filter ( ?inhabitants > 100000 ) ]'}"
173,"{'en': 'which mountains are higher than the nanga parbat?', 'sparql': 'select distinct ?uri where [ <res:Nanga_Parbat> dbo:elevation ?elevation . ?uri a dbo:Mountain> [ ?uri dbo:elevation> ?otherelevation ] UNION [ ?uri <dbpedia2:elevationM> ?otherelevation ] filter ( ?otherelevation > ?elevation ) ]'}"
174,"{'en': 'give me all b-sides of the ramones.', 'sparql': 'select distinct ?string where [ ?x dbo:musicalArtist <res:Ramones> ; dbo:bSide> ?string ]'}"
175,"{'en': 'what are the specialities of the unc health care?', 'sparql': 'select distinct ?uri where [ <res:UNC_Health_Care> dbp:speciality ?uri ]'}"
176,"{'en': 'when was olof palme shot?', 'sparql': 'select distinct ?date where [ <res:Olof_Palme> dbo:deathDate ?date ]'}"
177,"{'en': 'list the seven kings of rome.', 'sparql': 'select distinct ?uri where [ ?uri dbp:title <res:King_of_Rome> ]'}"
178,"{'en': 'give me all people that were born in vienna and died in berlin.', 'sparql': 'select distinct ?uri where [ ?uri dbo:birthPlace <res:Vienna> ; dbo:deathPlace> <res:Berlin> ]'}"
179,"{'en': 'is darth vader luke’s father?', 'sparql': 'ask where [ <res:Darth_Vader> dbo:child <res:Luke_Skywalker> ]'}"
180,"{'en': 'show me all the breweries in australia.', 'sparql': 'select distinct ?uri where [ ?uri a dbo:Brewery [ ?uri dbo:location> <res:Australia> ] UNION [ ?uri dbo:location> ?x . ?x dbo:country> <res:Australia> ] ]'}"
181,"{'en': 'give me all films produced by steven spielberg with a budget of at least $80 million.', 'sparql': 'select distinct ?uri where [ ?uri rdf:type <onto:Film> . ?uri <onto:director> <res:Steven_Spielberg> . ?uri <onto:budget> ?b . filter( xsd:double(?b) >= 8.0E7 ) ]'}"
182,"{'en': 'give me all soccer clubs in spain.', 'sparql': 'select distinct ?uri where [ ?uri a dbo:SoccerClub [ ?uri dbo:ground> <res:Spain> ] UNION [ ?uri <dbpedia2:ground> ?ground filter regex(?ground, ""Spain"") ] ]'}"
183,"{'en': 'who produced films starring natalie portman?', 'sparql': 'select distinct ?uri where [ ?film a dbo:Film ; dbo:starring> <res:Natalie_Portman> ; dbo:producer> ?uri ]'}"
184,"{'en': 'give me all breeds of the german shepherd dog.', 'sparql': 'select distinct ?uri where [ ?uri dbp:breed <res:German_Shepherd> ]'}"
185,"{'en': 'who is the heaviest player of the chicago bulls?', 'sparql': 'select distinct ?uri where [ ?uri a dbo:Person ; dbo:weight> ?num [ ?uri <dbpedia2:team> <res:Chicago_Bulls> ] UNION [ ?uri <dbpedia2:draftTeam> <res:Chicago_Bulls> ] UNION [ ?uri dbo:draftTeam> <res:Chicago_Bulls> ] ] order BY DESC(?num) OFFSET 0 limit 1'}"
186,"{'en': 'which languages are spoken in estonia?', 'sparql': 'select distinct ?uri where [ ?uri dbo:spokenIn <res:Estonia> ]'}"
187,"{'en': 'what is the largest country in the world?', 'sparql': 'select distinct ?uri where [ ?uri rdf:type dbo:Country ; dbo:areaTotal ?n ] order BY DESC(?n) OFFSET 0 limit 1'}"
188,"{'en': 'what is the largest city in america?', 'sparql': 'select ?lcity where [ dbr:United_States dbo:largestCity ?lcity ]'}"
189,"{'en': 'who was the pope that founded the vatican television?', 'sparql': 'select ?uri where [ ?uri rdf:type dbo:Pope . dbr:Vatican_Television_Center dbo:foundedBy ?uri ]'}"
190,"{'en': 'who discovered ceres?', 'sparql': 'select distinct ?uri where [ dbr:Ceres_(dwarf_planet) dbo:discoverer ?uri ]'}"
191,"{'en': 'who is the king of the netherlands?', 'sparql': 'select distinct ?uri where [ dbr:Netherlands dbo:leader ?uri . ?uri rdf:type dbo:Royalty ]'}"
192,"{'en': 'is cola a beverage?', 'sparql': 'ask where [ dbr:Cola rdf:type dbo:Beverage ]'}"
193,"{'en': 'what is the alma mater of the chancellor of germany angela merkel?', 'sparql': 'select ?Almamater where [ dbr:Angela_Merkel dbo:almaMater ?Almamater ]'}"
194,"{'en': 'who wrote the book les piliers de la terre?', 'sparql': 'select distinct ?uri where [ dbr:The_Pillars_of_the_Earth dbo:author ?uri ]'}"
195,"{'en': 'which airports does yeti airlines serve?', 'sparql': 'select distinct ?uri where [ dbr:Yeti_Airlines dbo:targetAirport ?uri ]'}"
196,"{'en': 'where is the birthplace of goethe?', 'sparql': 'select ?Goethe where [ dbr:Johann_Wolfgang_von_Goethe dbo:birthPlace ?Goethe ]'}"
197,"{'en': 'was the cuban missile crisis earlier than the bay of pigs invasion?', 'sparql': 'ask where [ dbr:Cuban_Missile_Crisis dbo:date ?x . dbr:Bay_of_Pigs_Invasion dbo:date ?y filter ( ?x < ?y ) ]'}"
198,"{'en': 'which ingredients do i need for carrot cake?', 'sparql': 'select distinct ?uri where [ dbr:Carrot_cake dbo:ingredient ?uri ]'}"
199,"{'en': 'who created wikipedia?', 'sparql': 'select distinct ?uri where [ dbr:Wikipedia dbo:author ?uri ]'}"
200,"{'en': 'what is the highest mountain in saxony germany?', 'sparql': 'select ?m where [ ?m dbo:mountainRange dbr:Ore_Mountains ; dbo:elevation ?height ] order BY DESC(?height) limit 1'}"
201,"{'en': 'who is the current federal minister of finance in germany?', 'sparql': 'select ?leader where [ dbr:Federal_Ministry_of_Finance_(Germany) dbo:leader ?leader ]'}"
202,"{'en': 'in which country is mecca located?', 'sparql': 'select distinct ?uri where [ dbr:Mecca dbo:country ?uri ]'}"
203,"{'en': 'who played gus fring in breaking bad?', 'sparql': 'select distinct ?uri where [ dbr:Gus_Fring dbo:portrayer ?uri ]'}"
204,"{'en': 'in which country does the nile start?', 'sparql': 'select distinct ?uri where [ dbr:Nile dbo:sourceCountry ?uri ]'}"
205,"{'en': 'in which state penn state university is located?', 'sparql': 'select ?s where [ dbr:Pennsylvania_State_University dbo:state ?s ]'}"
206,"{'en': 'what is the biggest stadium in spain?', 'sparql': 'select distinct ?uri where [ ?uri rdf:type dbo:Stadium ; dbo:location dbr:Spain ; dbo:seatingCapacity ?n ] order BY DESC(?n) OFFSET 0 limit 1'}"
207,"{'en': ""who is the coach of ankara's ice hockey team?"", 'sparql': 'select distinct ?uri where [ ?x dbo:city dbr:Ankara ; dbo:league dbr:Turkish_Ice_Hockey_First_League ; dbo:coach ?uri ]'}"
208,"{'en': 'how large is the area of uk?', 'sparql': 'select ?area where [ dbr:United_Kingdom dbo:areaTotal ?area ]'}"
209,"{'en': 'who created batman?', 'sparql': 'select distinct ?uri where [ dbr:Batman dbo:creator ?uri ]'}"
210,"{'en': 'was sigmund freud married?', 'sparql': 'ask where [ dbr:Sigmund_Freud dbo:spouse ?uri ]'}"
211,"{'en': 'who are the developers of dbpedia?', 'sparql': 'select distinct ?uri where [ dbr:DBpedia dbo:developer ?uri ]'}"
212,"{'en': 'give me all movies directed by francis ford coppola.', 'sparql': 'select distinct ?uri where [ ?uri rdf:type dbo:Film ; dbo:director dbr:Francis_Ford_Coppola ]'}"
213,"{'en': 'are tree frogs a type of amphibian?', 'sparql': 'ask where [ dbr:Hylidae dbo:class dbr:Amphibian ]'}"
214,"{'en': 'what is the location of the houses of parliament?', 'sparql': 'select ?uri where [ dbr:Palace_of_Westminster dbo:location ?uri ]'}"
215,"{'en': 'how much is the elevation of düsseldorf airport ?', 'sparql': 'select ?ele where [ dbr:Düsseldorf_Airport dbo:elevation ?ele ] limit 1'}"
216,"{'en': 'how much is the population of mexico city ?', 'sparql': 'select ?Mexico_City where [ dbr:Mexico_City dbo:populationTotal ?Mexico_City ]'}"
217,"{'en': 'when was the founding date of french fifth republic?', 'sparql': 'select ?ff where [ dbr:French_Fifth_Republic dbo:foundingDate ?ff ]'}"
218,"{'en': 'who was the first king of england?', 'sparql': 'select distinct ?uri where [ ?uri rdf:type dbo:Royalty ; rdf:type yago:WikicatEnglishMonarchs ; dbo:activeYearsStartYear ?date ] order BY ASC(?date) OFFSET 0 limit 1'}"
219,"{'en': 'who is the editor of forbes?', 'sparql': 'select distinct ?uri where [ dbr:Forbes dbo:editor ?uri ]'}"
220,"{'en': 'which awards did douglas hofstadter win?', 'sparql': 'select distinct ?uri where [ dbr:Douglas_Hofstadter dbo:award ?uri ]'}"
221,"{'en': 'who is the youngest darts player?', 'sparql': 'select distinct ?uri where [ ?uri rdf:type dbo:DartsPlayer ; dbo:birthDate ?date ] order BY DESC(?date) OFFSET 0 limit 1'}"
222,"{'en': 'is horse racing a sport?', 'sparql': 'ask where [ dbr:Horse_racing rdf:type dbo:Sport ]'}"
223,"{'en': 'which river does the brooklyn bridge cross?', 'sparql': 'select distinct ?uri where [ dbr:Brooklyn_Bridge dbo:crosses ?uri ]'}"
224,"{'en': 'how many people live in poland?', 'sparql': 'select distinct ?uri where [ dbr:Poland dbo:populationTotal ?uri ]'}"
225,"{'en': 'when was the last episode of the tv series friends aired?', 'sparql': 'select ?date where [ dbr:Friends dbo:completionDate ?date ]'}"
226,"{'en': 'is the wife of president obama called michelle?', 'sparql': 'ask where [ dbr:Barack_Obama dbo:spouse ?spouse . ?spouse rdfs:label ?name filter regex(?name, ""Michelle"") ]'}"
227,"{'en': 'who is 8th president of us?', 'sparql': 'select ?name where [ dbr:8th_President_of_the_United_States dbo:wikiPageRedirects ?link . ?link dbp:name ?name ]'}"
228,"{'en': 'how much is the total population of  european union?', 'sparql': 'select ?europop where [ dbr:European_Union dbo:populationTotal ?europop ]'}"
229,"{'en': 'give me all launch pads operated by nasa.', 'sparql': 'select distinct ?uri where [ ?uri rdf:type dbo:LaunchPad ; dbo:operator dbr:NASA ]'}"
230,"{'en': 'who developed the video game world of warcraft?', 'sparql': 'select distinct ?uri where [ dbr:World_of_Warcraft dbo:developer ?uri ]'}"
231,"{'en': 'what is the birth name of adele?', 'sparql': 'select ?bn where [ dbr:Adele dbo:birthName ?bn ]'}"
232,"{'en': 'what is the population of cairo?', 'sparql': 'select ?pop where [ dbr:Cairo dbo:populationTotal ?pop ]'}"
233,"{'en': 'is frank herbert still alive?', 'sparql': 'ask where [ OPTIONAL [ dbr:Frank_Herbert dbo:deathDate ?date ] filter ( ! bound(?date) ) ]'}"
234,"{'en': 'what is the last work of dan brown?', 'sparql': 'select ?book where [ [ ?book dbo:author dbr:Dan_Brown . ?book dbp:releaseDate ?date ] UNION [ ?book dbo:author dbr:Dan_Brown . ?book dbo:publicationDate ?date] ] order BY DESC(xsd:date(?date)) limit 1'}"
235,"{'en': 'where is sungkyunkwan university?', 'sparql': 'select distinct ?country where [ dbr:Sungkyunkwan_University dbo:city ?city ; dbo:country ?country ]'}"
236,"{'en': 'who is the author of the interpretation of dreams?', 'sparql': 'select ?Author where [ dbr:The_Interpretation_of_Dreams dbo:author ?Author ]'}"
237,"{'en': 'when was the death  of  shakespeare?', 'sparql': 'select ?x where [ dbr:William_Shakespeare dbo:deathDate ?x ] limit 1'}"
238,"{'en': 'who developed slack?', 'sparql': 'select distinct ?uri where [ ?uri dbo:product dbr:Slack_(software) ]'}"
239,"{'en': 'where is the origin of carolina reaper?', 'sparql': 'select ?uri where [ dbr:Carolina_Reaper dbo:origin ?uri]'}"
240,"{'en': 'in which year was rachel stevens born?', 'sparql': 'select distinct ?uri where [ dbr:Rachel_Stevens dbo:birthYear ?uri ]'}"
241,"{'en': 'how often did jane fonda marry?', 'sparql': 'select (COUNT(distinct ?uri) AS ?c) where [ dbr:Jane_Fonda dbo:spouse ?uri ]'}"
242,"{'en': 'was the wife of president lincoln called mary?', 'sparql': 'ask where [ dbr:Abraham_Lincoln dbo:spouse ?spouse . ?spouse rdfs:label ?name filter regex(?name, ""Mary"") ]'}"
243,"{'en': 'which cities does the weser flow through?', 'sparql': 'select distinct ?uri where [ dbr:Weser dbo:city ?uri ]'}"
244,"{'en': 'in which programming language is gimp written?', 'sparql': 'select distinct ?uri where [ dbr:GIMP dbo:programmingLanguage ?uri ]'}"
245,"{'en': 'which university did angela merkel attend?', 'sparql': 'select distinct ?university where [ dbr:Angela_Merkel dbo:almaMater ?university ]'}"
246,"{'en': 'list all the musicals with music by elton john.', 'sparql': 'select distinct ?uri where [ ?uri rdf:type dbo:Musical ; dbo:musicBy dbr:Elton_John ]'}"
247,"{'en': 'how many aldi stores are there?', 'sparql': 'select distinct ?number where [ dbr:Aldi dbo:numberOfLocations ?number ]'}"
248,"{'en': 'what is the longest river in the world?', 'sparql': 'select ?uri where [ ?uri rdf:type dbo:BodyOfWater ; dbo:length ?length ] order BY DESC(?length) limit 1'}"
249,"{'en': 'when was john adams born?', 'sparql': 'select distinct ?date where [ dbr:John_Adams dbo:birthDate ?date ]'}"
250,"{'en': 'which companies produce hovercrafts?', 'sparql': 'select distinct ?uri where [ ?uri rdf:type dbo:Company ; dbo:product dbr:Hovercraft ]'}"
251,"{'en': 'who was the wife of u.s. president lincoln?', 'sparql': 'select distinct ?uri where [ dbr:Abraham_Lincoln dbo:spouse ?uri ]'}"
252,"{'en': 'which species does an elephant belong?', 'sparql': 'select ?species where [ dbr:Elephant dbp:species ?species ]'}"
253,"{'en': 'how many people live in the capital of australia?', 'sparql': 'select distinct ?num where [ dbr:Australia dbo:capital ?x . ?x dbo:populationTotal ?num ]'}"
254,"{'en': 'in which ancient empire could you pay with cocoa beans?', 'sparql': 'select distinct ?uri where [ ?uri dbo:currency dbr:Cocoa_bean ]'}"
255,"{'en': 'how many theories did albert einstein come up with?', 'sparql': 'select (COUNT(?uri) AS ?count) where [ dbr:Albert_Einstein dbo:knownFor ?uri ]'}"
256,"{'en': ""who composed the soundtrack for cameron's titanic?"", 'sparql': 'select distinct ?uri where [ dbr:Titanic_(1997_film) dbo:musicComposer ?uri ]'}"
257,"{'en': 'give me the runtime of toy story.', 'sparql': 'select distinct ?runtime where [ dbr:Toy_Story dbo:runtime ?runtime ]'}"
258,"{'en': 'with how many countries iran has borders?', 'sparql': 'select ?border where [ dbr:Geography_of_Iran dbp:borders ?border ] limit 8'}"
259,"{'en': 'which electronics companies were founded in beijing?', 'sparql': 'select distinct ?uri where [ ?uri rdf:type dbo:Company ; dbo:industry dbr:Electronics ; dbo:foundationPlace dbr:Beijing ]'}"
260,"{'en': 'who was the successor of john f. kennedy?', 'sparql': 'select distinct ?uri where [ dbr:John_F._Kennedy dbo:successor ?uri ]'}"
261,"{'en': 'who is the mayor of paris?', 'sparql': 'select distinct ?uri where [ dbr:Paris dbo:mayor ?uri ]'}"
262,"{'en': 'did arnold schwarzenegger attend a university?', 'sparql': 'ask where [ dbr:Arnold_Schwarzenegger dbo:almaMater ?x . ?x rdf:type dbo:University ]'}"
263,"{'en': 'is james bond married?', 'sparql': 'ask where [ dbr:James_Bond dbo:spouse ?uri ]'}"
264,"{'en': 'does the isar flow into a lake?', 'sparql': 'ask where [ ?x dbo:inflow dbr:Isar ; rdf:type dbo:Lake ]'}"
265,"{'en': 'which indian company has the most employees?', 'sparql': 'select distinct ?uri where [ ?uri rdf:type dbo:Company ; dbo:location dbr:India ; dbo:numberOfEmployees ?n ] order BY DESC(?n) OFFSET 0 limit 1'}"
266,"{'en': ""who was john f. kennedy's vice president?"", 'sparql': 'select distinct ?uri where [ dbr:John_F._Kennedy dbo:vicePresident ?uri ]'}"
267,"{'en': 'which country does the creator of miffy come from?', 'sparql': 'select distinct ?uri where [ dbr:Miffy dbo:creator ?x . ?x dbo:nationality ?uri ]'}"
268,"{'en': 'in what city is the heineken brewery?', 'sparql': 'select distinct ?uri where [ dbr:Heineken dbo:manufacturer ?x . ?x dbo:locationCity ?uri ]'}"
269,"{'en': 'is barack obama a democrat?', 'sparql': 'ask where [ dbr:Barack_Obama dbo:party dbr:Democratic_Party_(United_States) ]'}"
270,"{'en': 'list the children of margaret thatcher.', 'sparql': 'select distinct ?uri where [ dbr:Margaret_Thatcher dbo:child ?uri ]'}"
271,"{'en': 'from which region is the melon de bourgogne?', 'sparql': 'select distinct ?uri where [ dbr:Melon_de_Bourgogne dbo:wineRegion ?uri ]'}"
272,"{'en': 'how big is the total area of north rhine- westphalia?', 'sparql': 'select ?tarea where [ dbr:North_Rhine-Westphalia dbo:areaTotal ?tarea ]'}"
273,"{'en': 'which city has the most inhabitants?', 'sparql': 'select distinct ?uri where [ ?uri rdf:type dbo:City ; dbo:populationTotal ?pop ] order BY DESC(?pop) OFFSET 0 limit 1'}"
274,"{'en': ""what is donald trump's main business?"", 'sparql': 'select ?owner where [ ?owner dbo:owner dbr:Donald_Trump ]'}"
275,"{'en': 'when will start the final match of the football world cup 2018?', 'sparql': 'select ?Date where [ dbr:2018_FIFA_World_Cup dbp:date ?Date ] order BY DESC(?Date) limit 1'}"
276,"{'en': 'which films did stanley kubrick direct?', 'sparql': 'select distinct ?uri where [ ?uri dbo:director dbr:Stanley_Kubrick ]'}"
277,"{'en': 'how much is the population  iraq?', 'sparql': 'select ?pIraq where [ dbr:Iraq dbo:populationTotal ?pIraq ]'}"
278,"{'en': 'how many inhabitants does the largest city in canada have?', 'sparql': 'select distinct ?num where [ dbr:Canada dbo:largestCity ?city . ?city dbo:populationTotal ?num ]'}"
279,"{'en': 'who is the mayor of the capital of french polynesia?', 'sparql': 'select distinct ?uri where [ dbr:French_Polynesia dbo:capital ?x . ?x dbo:mayor ?uri ]'}"
280,"{'en': 'give me all actors starring in movies directed by william shatner.', 'sparql': 'select distinct ?uri where [ ?x dbo:director dbr:William_Shatner ; dbo:starring ?uri ]'}"
281,"{'en': 'how tall is claudia schiffer?', 'sparql': 'select distinct ?height where [ dbr:Claudia_Schiffer dbo:height ?height ]'}"
282,"{'en': 'how much is the population densty rank of germany?', 'sparql': 'select ?rank where [ dbr:Germany dbp:populationDensityRank ?rank ]'}"
283,"{'en': 'what is the highest mountain in italy?', 'sparql': 'select distinct ?uri where [ ?uri rdf:type dbo:Mountain ; dbo:locatedInArea dbr:Italy ; dbo:elevation ?num ] order BY DESC(?num) OFFSET 0 limit 1'}"
284,"{'en': 'list all games by gmt.', 'sparql': 'select distinct ?uri where [ ?uri dbo:publisher dbr:GMT_Games ]'}"
285,"{'en': 'what is the official language of suriname?', 'sparql': 'select distinct ?uri where [ dbr:Suriname dbo:officialLanguage ?uri ]'}"
286,"{'en': 'in which city did nikos kazantzakis die?', 'sparql': 'select distinct ?uri where [ dbr:Nikos_Kazantzakis dbo:deathPlace ?uri . ?uri rdf:type dbo:Town ]'}"
287,"{'en': 'what is in a chocolate chip cookie?', 'sparql': 'select distinct ?uri where [ dbr:Chocolate_chip_cookie dbo:ingredient ?uri ]'}"
288,"{'en': 'in which country is the limerick lake?', 'sparql': 'select distinct ?uri where [ dbr:Limerick_Lake dbo:country ?uri ]'}"
289,"{'en': 'give me all video games published by mean hamster software.', 'sparql': 'select distinct ?uri where [ ?uri rdf:type dbo:VideoGame ; dbo:publisher dbr:Mean_Hamster_Software ]'}"
290,"{'en': 'give me all members of prodigy.', 'sparql': 'select distinct ?uri where [ dbr:The_Prodigy dbo:bandMember ?uri ]'}"
291,"{'en': 'in which time zone is rome?', 'sparql': 'select distinct ?uri where [ dbr:Rome dbo:timeZone ?uri ]'}"
292,"{'en': 'how high is the lighthouse in colombo?', 'sparql': 'select distinct ?num where [ dbr:Colombo_Lighthouse dbo:height ?num ]'}"
293,"{'en': 'who are the writers of the wall album of pink floyd?', 'sparql': 'select ?writers where [ dbr:The_Wall dbp:writer ?writers ]'}"
294,"{'en': 'who is the mayor of rotterdam?', 'sparql': 'select distinct ?uri where [ dbr:Rotterdam dbo:leaderName ?uri ]'}"
295,"{'en': 'what is the largest city in australia?', 'sparql': 'select distinct ?uri where [ dbr:Australia dbo:largestCity ?uri ]'}"
296,"{'en': 'who was married to president chirac?', 'sparql': 'select distinct ?uri where [ dbr:Jacques_Chirac dbo:spouse ?uri ]'}"
297,"{'en': 'what form of government is found in south africa?', 'sparql': 'select ?uri where [ dbr:South_Africa dbo:governmentType ?uri ]'}"
298,"{'en': 'how high is the yokohama marine tower?', 'sparql': 'select distinct ?num where [ dbr:Yokohama_Marine_Tower dbo:height ?num ]'}"
299,"{'en': 'which holidays are celebrated around the world? test2', 'sparql': 'select distinct ?uri where [ ?uri rdf:type dbo:Holiday ]'}"
300,"{'en': 'who is the tallest basketball player?', 'sparql': 'select distinct ?uri where [ ?uri rdf:type dbo:BasketballPlayer ; dbo:height ?num ] order BY DESC(?num) OFFSET 0 limit 1'}"
301,"{'en': 'how many languages are spoken in turkmenistan?', 'sparql': 'select (COUNT(distinct ?x) AS ?c) where [ dbr:Turkmenistan dbo:language ?x ]'}"
302,"{'en': 'did che guevara have children?', 'sparql': 'ask where [ dbr:Che_Guevara dbo:child ?uri ]'}"
303,"{'en': 'did kaurismäki ever win the grand prix at cannes?', 'sparql': 'ask where [ dbr:Aki_Kaurismäki dbo:award dbr:Grand_Prix_(Cannes_Film_Festival) ]'}"
304,"{'en': 'to which party does the mayor of paris belong?', 'sparql': 'select distinct ?uri where [ dbr:Paris dbo:mayor ?x . ?x dbo:party ?uri ]'}"
305,"{'en': 'who is the formula 1 race driver with the most races?', 'sparql': 'select distinct ?uri where [ ?uri rdf:type dbo:FormulaOneRacer ; dbo:races ?x ] order BY DESC(?x) OFFSET 0 limit 1'}"
306,"{'en': 'what country is sitecore from?', 'sparql': 'select distinct ?uri where [ dbr:Sitecore dbo:foundationPlace ?uri ]'}"
307,"{'en': 'give me the birth place of frank sinatra.', 'sparql': 'select distinct ?place where [ dbr:Frank_Sinatra dbo:birthPlace ?place ]'}"
308,"{'en': 'is christian bale starring in velvet goldmine?', 'sparql': 'ask where [ dbr:Velvet_Goldmine dbo:starring dbr:Christian_Bale ]'}"
309,"{'en': 'who is the son of sonny and cher?', 'sparql': 'select distinct ?uri where [ ?uri dbo:parent dbr:Cher ; dbo:parent dbr:Sonny_Bono ]'}"
310,"{'en': 'how many ethnic groups live in slovenia?', 'sparql': 'select (COUNT(distinct ?uri) AS ?c) where [ dbr:Slovenia dbo:ethnicGroup ?uri ]'}"
311,"{'en': 'what is the capital of cameroon?', 'sparql': 'select distinct ?uri where [ dbr:Cameroon dbo:capital ?uri ]'}"
312,"{'en': 'was natalie portman born in the united states?', 'sparql': 'ask where [ dbr:Natalie_Portman dbo:birthPlace ?city . ?city dbo:country dbr:United_States ]'}"
313,"{'en': 'how many pages does war and peace have?', 'sparql': 'select distinct ?n where [ dbr:War_and_Peace dbo:numberOfPages ?n ]'}"
314,"{'en': 'who is the oldest child of meryl streep?', 'sparql': 'select distinct ?uri where [ dbr:Meryl_Streep dbo:child ?uri . ?uri dbo:birthDate ?d ] order BY ASC(?d) OFFSET 0 limit 1'}"
315,"{'en': 'which television shows were created by walt disney?', 'sparql': 'select distinct ?uri where [ ?uri rdf:type dbo:TelevisionShow ; dbo:creator dbr:Walt_Disney ]'}"
316,"{'en': 'what does iycm stand for?', 'sparql': 'select distinct ?uri where [ ?uri dbo:abbreviation ""IYCM"" ]'}"
317,"{'en': 'which types of grapes grow in oregon?', 'sparql': 'select distinct ?uri where [ dbr:Oregon_wine dbo:growingGrape ?uri ]'}"
318,"{'en': 'was u.s. president jackson involved in a war?', 'sparql': 'ask where [ dbr:Andrew_Jackson dbo:battle ?battle ]'}"
319,"{'en': 'when was the titanic completed?', 'sparql': 'select distinct ?date where [ dbr:RMS_Titanic dbo:completionDate ?date ]'}"
320,"{'en': 'did tesla win a nobel prize in physics?', 'sparql': 'ask where [ dbr:Nikola_Tesla dbo:award dbr:Nobel_Prize_in_Physics ]'}"
321,"{'en': 'how many states are in mexico?', 'sparql': 'select (COUNT(?uri) AS ?count) where [ ?uri dbo:type dbr:States_of_Mexico ]'}"
322,"{'en': 'which scientist is known for the manhattan project and the nobel peace prize?', 'sparql': 'select distinct ?uri where [ ?uri dbo:knownFor dbr:Manhattan_Project ; rdf:type dbo:Scientist ; dbo:knownFor dbr:Nobel_Peace_Prize ]'}"
323,"{'en': 'how much did the lego movie cost?', 'sparql': 'select distinct ?n where [ dbr:The_Lego_Movie dbo:budget ?n ]'}"
324,"{'en': 'who composed the music for harold and maude?', 'sparql': 'select distinct ?uri where [ dbr:Harold_and_Maude dbo:musicComposer ?uri ]'}"
325,"{'en': 'list all episodes of the first season of the hbo television series the sopranos.', 'sparql': 'select distinct ?uri where [ ?uri dbo:series dbr:The_Sopranos ; dbo:seasonNumber 1 ]'}"
326,"{'en': 'which city has the least inhabitants?', 'sparql': 'select distinct ?uri where [ ?uri rdf:type dbo:City ; dbo:populationTotal ?pop ] order BY ASC(?pop) OFFSET 0 limit 1'}"
327,"{'en': 'where is syngman rhee buried?', 'sparql': 'select distinct ?uri where [ dbr:Syngman_Rhee dbo:restingPlace ?uri ]'}"
328,"{'en': 'does neymar play for real madrid?', 'sparql': 'ask where [ dbr:Neymar dbo:team dbr:Real_Madrid_C.F. ]'}"
329,"{'en': 'who wrote the book the pillars of the earth?', 'sparql': 'select distinct ?uri where [ dbr:The_Pillars_of_the_Earth dbo:author ?uri ]'}"
330,"{'en': 'do prince harry and prince william have the same parents?', 'sparql': 'ask where [ dbr:Prince_William,_Duke_of_Cambridge dbo:parent ?x . dbr:Prince_Harry dbo:parent ?x ]'}"
331,"{'en': 'who was the doctoral supervisor of albert einstein?', 'sparql': 'select distinct ?uri where [ dbr:Albert_Einstein dbo:doctoralAdvisor ?uri ]'}"
332,"{'en': 'does breaking bad have more episodes than game of thrones?', 'sparql': 'ask where [ dbr:Breaking_Bad dbo:numberOfEpisodes ?x . dbr:Game_of_Thrones dbo:numberOfEpisodes ?y filter ( ?y > ?x ) ]'}"
333,"{'en': 'who was vincent van gogh inspired by?', 'sparql': 'select distinct ?uri where [ ?uri dbo:influenced dbr:Vincent_van_Gogh ]'}"
334,"{'en': 'which building after the burj khalifa has the most floors?', 'sparql': 'select distinct ?uri where [ dbr:Burj_Khalifa dbo:floorCount ?burj . ?uri rdf:type dbo:Building ; dbo:floorCount ?proj filter ( ?proj < ?burj ) ] order BY DESC(?proj) limit 1'}"
335,"{'en': 'what was the final result of the war of the roses?', 'sparql': 'select distinct ?result where [ ?uri dbo:isPartOfMilitaryConflict dbr:Wars_of_the_Roses ; dbo:result ?result ; dbo:date ?date ] order BY DESC(?date) OFFSET 0 limit 1'}"
336,"{'en': 'how much did pulp fiction cost?', 'sparql': 'select distinct ?n where [ dbr:Pulp_Fiction dbo:budget ?n ]'}"
337,"{'en': 'is proinsulin a protein?', 'sparql': 'ask where [ dbr:Proinsulin rdf:type dbo:Protein ]'}"
338,"{'en': 'do urdu and persian have a common root?', 'sparql': 'ask where [ dbr:Urdu dbo:languageFamily ?uri . dbr:Persian_language dbo:languageFamily ?uri ]'}"
339,"{'en': 'who is starring in spanish movies produced by benicio del toro?', 'sparql': 'select distinct ?uri where [ ?film rdf:type dbo:Film ; dbo:country dbr:Spain ; dbo:producer dbr:Benicio_del_Toro ; dbo:starring ?uri . ?uri rdf:type dbo:Person ]'}"
340,"{'en': 'is lake baikal bigger than the great bear lake?', 'sparql': 'ask where [ dbr:Lake_Baikal dbo:areaTotal ?a1 . dbr:Great_Bear_Lake dbo:areaTotal ?a2 filter ( ?a1 > ?a2 ) ]'}"
341,"{'en': ""show me all books in asimov's foundation series."", 'sparql': 'select distinct ?uri where [ ?uri dbo:series dbr:Foundation_series ]'}"
342,"{'en': 'where was bach born?', 'sparql': 'select distinct ?uri where [ dbr:Johann_Sebastian_Bach dbo:birthPlace ?uri ]'}"
343,"{'en': 'which city has the oldest running metro?', 'sparql': 'select ?loc where [ ?uri dbo:type dbr:Rapid_transit ; dbo:openingYear ?date ; dbo:location ?loc . ?loc rdf:type dbo:City ] order BY ASC(?date) limit 1'}"
344,"{'en': 'who designed the brooklyn bridge?', 'sparql': 'select distinct ?uri where [ dbr:Brooklyn_Bridge dbo:architect ?uri ]'}"
345,"{'en': 'how many people live in eurasia?', 'sparql': 'select distinct ?population where [ dbr:Eurasia dbo:populationTotal ?population ]'}"
346,"{'en': 'who is the host of the bbc wildlife specials?', 'sparql': 'select distinct ?uri where [ dbr:BBC_Wildlife_Specials dbo:presenter ?uri ]'}"
347,"{'en': 'what is the total population of melbourne, florida?', 'sparql': 'select ?uri where [ dbr:Melbourne,_Florida dbo:populationTotal ?uri ]'}"
348,"{'en': 'what country is mount everest in?', 'sparql': 'select distinct ?uri where [ dbr:Mount_Everest dbo:locatedInArea ?uri . ?uri rdf:type dbo:Country ]'}"
349,"{'en': 'to which artistic movement did the painter of the three dancers belong?', 'sparql': 'select distinct ?uri where [ dbr:The_Three_Dancers dbo:author ?person . ?person dbo:movement ?uri ]'}"
350,"{'en': 'when did operation overlord commence?', 'sparql': 'select distinct ?d where [ dbr:Operation_Overlord dbo:date ?d ]'}"
351,"{'en': 'what is the bridge with the longest span?', 'sparql': 'select distinct ?uri where [ ?uri rdf:type dbo:Bridge ; dbo:mainspan ?s ] order BY DESC(?s) OFFSET 0 limit 1'}"
352,"{'en': 'is there a video game called battle chess?', 'sparql': 'ask where [ ?uri rdf:type dbo:VideoGame ; rdfs:label ""Battle Chess""@en ]'}"
353,"{'en': 'who was buried in the great pyramid of giza?', 'sparql': 'select ?uri where [ ?uri dbo:restingPlace dbr:Great_Pyramid_of_Giza ]'}"
354,"{'en': 'does the ford motor company have a manufacturing plant in malaysia?', 'sparql': 'ask where [ ?uri dbo:assembly dbr:Malaysia ; dbo:manufacturer dbr:Ford_Motor_Company ]'}"
355,"{'en': 'did socrates influence aristotle?', 'sparql': 'ask where [ dbr:Aristotle dbo:influencedBy dbr:Socrates ]'}"
356,"{'en': 'how many children did benjamin franklin have?', 'sparql': 'select (COUNT(distinct ?uri) AS ?c) where [ dbr:Benjamin_Franklin dbo:child ?uri ]'}"
357,"{'en': 'how tall is michael jordan?', 'sparql': 'select distinct ?num where [ dbr:Michael_Jordan dbo:height ?num ]'}"
358,"{'en': 'in which uk city are the headquarters of the mi6?', 'sparql': 'select distinct ?uri where [ dbr:Secret_Intelligence_Service dbo:headquarter ?uri . ?uri dbo:country dbr:United_Kingdom ]'}"
359,"{'en': 'who created family guy?', 'sparql': 'select distinct ?uri where [ dbr:Family_Guy dbo:creator ?uri ]'}"
360,"{'en': 'in which city does the chile route 68 end?', 'sparql': 'select distinct ?uri where [ dbr:Chile_Route_68 dbo:routeEnd ?uri ]'}"
361,"{'en': 'give me the grandchildren of elvis presley.', 'sparql': 'select distinct ?uri where [ dbr:Elvis_Presley dbo:child ?child . ?child dbo:child ?uri ]'}"
362,"{'en': 'when did the ming dynasty dissolve?', 'sparql': 'select distinct ?date where [ dbr:Ming_dynasty dbo:dissolutionDate ?date ]'}"
363,"{'en': 'in which military conflicts did lawrence of arabia participate?', 'sparql': 'select distinct ?uri where [ dbr:T._E._Lawrence dbo:battle ?uri ]'}"
364,"{'en': 'what is the timezone in san pedro de atacama?', 'sparql': 'select distinct ?uri where [ dbr:San_Pedro_de_Atacama dbo:timeZone ?uri ]'}"
365,"{'en': 'give me all books by william goldman with more than 300 pages.', 'sparql': 'select distinct ?uri where [ ?uri rdf:type dbo:Book ; dbo:author dbr:William_Goldman ; dbo:numberOfPages ?x filter ( ?x > 300 ) ]'}"
366,"{'en': 'what did bruce carver die from?', 'sparql': 'select distinct ?uri where [ dbr:Bruce_Carver dbo:deathCause ?uri ]'}"
367,"{'en': 'which subsidiary of lufthansa serves both dortmund and berlin tegel?', 'sparql': 'select distinct ?uri where [ dbr:Lufthansa dbo:subsidiary ?uri . ?uri dbo:targetAirport dbr:Dortmund_Airport ; dbo:targetAirport dbr:Berlin_Tegel_Airport ]'}"
368,"{'en': ""does abraham lincoln's death place have a website?"", 'sparql': 'ask where [ dbr:Abraham_Lincoln dbo:deathPlace ?p . ?p dbo:website ?w ]'}"
369,"{'en': 'did elvis presley have children?', 'sparql': 'ask where [ dbr:Elvis_Presley dbo:child ?uri ]'}"
370,"{'en': 'is michelle obama the wife of barack obama?', 'sparql': 'ask where [ dbr:Barack_Obama dbo:spouse dbr:Michelle_Obama ]'}"
371,"{'en': 'in which city does sylvester stallone live?', 'sparql': 'select distinct ?uri where [ ?uri rdf:type dbo:City . dbr:Sylvester_Stallone dbo:residence ?uri ]'}"
372,"{'en': 'which books by kerouac were published by viking press?', 'sparql': 'select distinct ?uri where [ ?uri rdf:type dbo:Book ; dbo:publisher dbr:Viking_Press ; dbo:author dbr:Jack_Kerouac ]'}"
373,"{'en': 'who wrote the song hotel california?', 'sparql': 'select distinct ?uri where [ dbr:Hotel_California dbo:writer ?uri ]'}"
374,"{'en': 'what is the capital of canada?', 'sparql': 'select distinct ?uri where [ dbr:Canada dbo:capital ?uri ]'}"
375,"{'en': 'who is the mayor of tel aviv?', 'sparql': 'select distinct ?uri where [ dbr:Tel_Aviv dbo:leaderName ?uri ]'}"
376,"{'en': 'what form of government does russia have?', 'sparql': 'select distinct ?uri where [ dbr:Russia dbo:governmentType ?uri ]'}"
377,"{'en': 'show me the book that muhammad ali wrote.', 'sparql': 'select distinct ?uri where [ ?uri rdf:type dbo:Book ; dbo:author dbr:Muhammad_Ali ]'}"
378,"{'en': 'who was the first to climb mount everest?', 'sparql': 'select distinct ?uri where [ dbr:Mount_Everest dbo:firstAscentPerson ?uri ]'}"
379,"{'en': 'how many languages are spoken in colombia?', 'sparql': 'select (COUNT(distinct ?uri) AS ?c) where [ ?uri rdf:type dbo:Language . dbr:Colombia dbo:language ?uri ]'}"
380,"{'en': 'what is the currency of the czech republic?', 'sparql': 'select distinct ?uri where [ dbr:Czech_Republic dbo:currency ?uri ]'}"
381,"{'en': 'where in france is sparkling wine produced?', 'sparql': 'select distinct ?uri where [ ?uri dbo:wineProduced dbr:Sparkling_wine ; dbo:location dbr:France ]'}"
382,"{'en': 'when did boris becker end his active career?', 'sparql': 'select distinct ?d where [ dbr:Boris_Becker dbo:activeYearsEndDate ?d ]'}"
383,"{'en': 'which movies starring mickey rourke were directed by guy ritchie?', 'sparql': 'select distinct ?uri where [ ?uri rdf:type dbo:Film ; dbo:starring dbr:Mickey_Rourke ; dbo:director dbr:Guy_Ritchie ]'}"
384,"{'en': 'in which films did julia roberts as well as richard gere play?', 'sparql': 'select distinct ?uri where [ ?uri rdf:type dbo:Film ; dbo:starring dbr:Julia_Roberts ; dbo:starring dbr:Richard_Gere ]'}"
385,"{'en': ""show me hemingway's autobiography."", 'sparql': 'select distinct ?uri where [ ?uri dbo:author dbr:Ernest_Hemingway ; dbo:literaryGenre dbr:Autobiography ]'}"
386,"{'en': 'how tall is amazon eve?', 'sparql': 'select distinct ?height where [ dbr:Amazon_Eve dbo:height ?height ]'}"
387,"{'en': 'what are the five boroughs of new york?', 'sparql': 'select distinct ?uri where [ ?uri dbo:governmentType dbr:Borough_(New_York_City) ]'}"
388,"{'en': 'give me all canadian grunge record labels.', 'sparql': 'select distinct ?uri where [ ?uri rdf:type dbo:RecordLabel ; dbo:genre dbr:Grunge ; dbo:country dbr:Canada ]'}"
389,"{'en': 'in which country does the ganges start?', 'sparql': 'select distinct ?uri where [ dbr:Ganges dbo:sourceCountry ?uri ]'}"
390,"{'en': 'who is the founder of penguin books?', 'sparql': 'select distinct ?uri where [ dbr:Penguin_Books dbo:founder ?uri ]'}"
391,"{'en': 'who wrote the game of thrones theme?', 'sparql': 'select distinct ?uri where [ dbr:Game_of_Thrones dbo:composer ?uri ]'}"
392,"{'en': 'who is the president of eritrea?', 'sparql': 'select distinct ?uri where [ dbr:Eritrea dbo:leader ?uri ; dbo:leaderTitle ""President""@en ]'}"
393,"{'en': 'in which city did john f. kennedy die?', 'sparql': 'select distinct ?uri where [ dbr:John_F._Kennedy dbo:deathPlace ?uri . ?uri rdf:type dbo:City ]'}"
394,"{'en': 'what is the highest mountain in australia?', 'sparql': 'select distinct ?uri where [ ?uri rdf:type dbo:Mountain ; dbo:locatedInArea dbr:Australia ; dbo:elevation ?elevation ] order BY DESC(?elevation) limit 1'}"
395,"{'en': ""who writes the farmers' almanac?"", 'sparql': ""select ?uri where [ dbr:Farmers'_Almanac dbp:editor ?uri ]""}"
396,"{'en': 'give me the currency of china.', 'sparql': 'select distinct ?uri where [ dbr:China dbo:currency ?uri ]'}"
397,"{'en': 'give me all swedish oceanographers.', 'sparql': 'select distinct ?uri where [ ?uri dbo:field dbr:Oceanography ; dbo:birthPlace dbr:Sweden ]'}"
398,"{'en': 'in which city are the headquarters of the united nations?', 'sparql': 'select distinct ?uri where [ dbr:Headquarters_of_the_United_Nations dbo:location ?uri . ?uri rdf:type dbo:City ]'}"
399,"{'en': 'is rita wilson the wife of tom hanks?', 'sparql': 'ask where [ dbr:Tom_Hanks dbo:spouse dbr:Rita_Wilson ]'}"
400,"{'en': 'in which countries do people speak japanese?', 'sparql': 'select distinct ?uri where [ ?uri rdf:type dbo:Country ; dbo:language dbr:Japanese_language ]'}"
401,"{'en': ""which of tim burton's films had the highest budget?"", 'sparql': 'select distinct ?uri where [ ?uri dbo:director dbr:Tim_Burton ; dbo:budget ?b ] order BY ?b OFFSET 0 limit 1'}"
402,"{'en': 'which museum in new york has the most visitors?', 'sparql': 'select distinct ?uri where [ ?uri rdf:type dbo:Museum ; dbo:location dbr:New_York_City ; dbo:numberOfVisitors ?num ] order BY DESC(?num) OFFSET 0 limit 1'}"
403,"{'en': 'what was the first queen album?', 'sparql': 'select distinct ?uri where [ ?uri rdf:type dbo:Album ; dbo:artist dbr:Queen_(band) ; dbo:releaseDate ?d ] order BY ASC(?d) OFFSET 0 limit 1'}"
404,"{'en': 'what was the first name of the band queens of the stone age?', 'sparql': 'select distinct ?name where [ dbr:Queens_of_the_Stone_Age dbo:alias ?name ]'}"
405,"{'en': 'what was the last movie with alec guinness?', 'sparql': 'select distinct ?uri where [ ?uri rdf:type dbo:Film ; dbo:starring dbr:Alec_Guinness ; dbo:releaseDate ?date ] order BY DESC(?date) limit 1'}"
406,"{'en': 'give me all actors starring in last action hero.', 'sparql': 'select distinct ?uri where [ dbr:Last_Action_Hero dbo:starring ?uri ]'}"
407,"{'en': 'who discovered pluto?', 'sparql': 'select ?uri where [ dbr:Pluto dbo:discoverer ?uri ]'}"
